{
  "config.py": 1777968836.4167297,
  "main.py": 1778053702.3952823,
  "agents\\chatbot_graph.py": 1777968946.5903533,
  "agents\\jd_matcher_graph.py": 1777968976.9383416,
  "agents\\state.py": 1777968901.9426434,
  "agents\\__init__.py": 1777968892.8659825,
  "agents\\nodes\\gap_analyzer.py": 1777968965.0364733,
  "agents\\nodes\\intent_router.py": 1777968912.982334,
  "agents\\nodes\\jd_embedder.py": 1777968937.1415298,
  "agents\\nodes\\llm_responder.py": 1777968937.6503842,
  "agents\\nodes\\project_matcher.py": 1777968951.6403575,
  "agents\\nodes\\rag_retriever.py": 1777968935.1945508,
  "agents\\nodes\\resume_tailor.py": 1777968996.6977973,
  "agents\\nodes\\__init__.py": 1777968893.5956984,
  "auth\\dependencies.py": 1777968890.6074457,
  "auth\\jwt_handler.py": 1778010491.1995897,
  "auth\\__init__.py": 1777968866.8061967,
  "db\\connection.py": 1778010136.8496566,
  "db\\crud.py": 1778010636.423665,
  "db\\schema.py": 1777968851.262315,
  "db\\__init__.py": 1777968830.4268885,
  "middleware\\api_key.py": 1777968950.6028278,
  "middleware\\__init__.py": 1777968944.6370397,
  "models\\job.py": 1777968867.940098,
  "models\\resume.py": 1777968884.0325253,
  "models\\user.py": 1777968858.9478576,
  "models\\__init__.py": 1777968889.3738291,
  "routers\\auth.py": 1778053670.4861305,
  "routers\\chat.py": 1777968936.911839,
  "routers\\jd_match.py": 1777968960.7901998,
  "routers\\jobs.py": 1777968962.959229,
  "routers\\projects.py": 1778053682.0052836,
  "routers\\users.py": 1777968943.8652394,
  "routers\\__init__.py": 1777968870.4326556,
  "services\\adzuna.py": 1777968896.7805817,
  "services\\embedding.py": 1777968888.9736545,
  "services\\github.py": 1777968921.754275,
  "services\\__init__.py": 1777968870.6148088,
  "tests\\test_db.py": 1778010160.4683883,
  "tests\\test_embedding.py": 1777968913.5529885,
  "tests\\test_graphs.py": 1777968923.4103212,
  "tests\\__init__.py": 1777968831.2082548,
  "requirements.txt": 1778052647.3122172
}